"IT107","Territory","T_D8","Data type","PRAF","Including or not including imputed","RDPR","Households main income source","TIME","Select time","Value","Flag Codes","Flags"
"IT","Italy","REDD_MEDIANO_FAM","annual median households income","1","including imputed rents","9","total","2020","2020",31495,,
"IT","Italy","REDD_MEDIO_FAM","annual average households income","1","including imputed rents","9","total","2020","2020",37786,,
"IT","Italy","REDD_MEDIANO_FAM","annual median households income","2","not including imputed rents","1","employee income","2020","2020",31246,,
"IT","Italy","REDD_MEDIO_FAM","annual average households income","2","not including imputed rents","1","employee income","2020","2020",36175,,
"IT","Italy","REDD_MEDIANO_FAM","annual median households income","2","not including imputed rents","2","self-employed income","2020","2020",33632,,
"IT","Italy","REDD_MEDIO_FAM","annual average households income","2","not including imputed rents","2","self-employed income","2020","2020",43059,,
"IT","Italy","REDD_MEDIANO_FAM","annual median households income","2","not including imputed rents","3","public transfers income","2020","2020",22091,,
"IT","Italy","REDD_MEDIO_FAM","annual average households income","2","not including imputed rents","3","public transfers income","2020","2020",27857,,
"IT","Italy","REDD_MEDIANO_FAM","annual median households income","2","not including imputed rents","4","other type","2020","2020",10716,,
"IT","Italy","REDD_MEDIO_FAM","annual average households income","2","not including imputed rents","4","other type","2020","2020",17878,,
"IT","Italy","REDD_MEDIANO_FAM","annual median households income","2","not including imputed rents","9","total","2020","2020",26597,,
"IT","Italy","REDD_MEDIO_FAM","annual average households income","2","not including imputed rents","9","total","2020","2020",32812,,
"ITC","Nord-ovest","REDD_MEDIANO_FAM","annual median households income","1","including imputed rents","9","total","2020","2020",34483,,
"ITC","Nord-ovest","REDD_MEDIO_FAM","annual average households income","1","including imputed rents","9","total","2020","2020",41259,,
"ITC","Nord-ovest","REDD_MEDIANO_FAM","annual median households income","2","not including imputed rents","1","employee income","2020","2020",33451,,
"ITC","Nord-ovest","REDD_MEDIO_FAM","annual average households income","2","not including imputed rents","1","employee income","2020","2020",39609,,
"ITC","Nord-ovest","REDD_MEDIANO_FAM","annual median households income","2","not including imputed rents","2","self-employed income","2020","2020",38755,,
"ITC","Nord-ovest","REDD_MEDIO_FAM","annual average households income","2","not including imputed rents","2","self-employed income","2020","2020",49787,,
"ITC","Nord-ovest","REDD_MEDIANO_FAM","annual median households income","2","not including imputed rents","3","public transfers income","2020","2020",23239,,
"ITC","Nord-ovest","REDD_MEDIO_FAM","annual average households income","2","not including imputed rents","3","public transfers income","2020","2020",28849,,
"ITC","Nord-ovest","REDD_MEDIANO_FAM","annual median households income","2","not including imputed rents","4","other type","2020","2020",16870,,
"ITC","Nord-ovest","REDD_MEDIO_FAM","annual average households income","2","not including imputed rents","4","other type","2020","2020",20695,,
"ITC","Nord-ovest","REDD_MEDIANO_FAM","annual median households income","2","not including imputed rents","9","total","2020","2020",29421,,
"ITC","Nord-ovest","REDD_MEDIO_FAM","annual average households income","2","not including imputed rents","9","total","2020","2020",36018,,
"ITC1","Piemonte","REDD_MEDIANO_FAM","annual median households income","1","including imputed rents","9","total","2020","2020",32124,,
"ITC1","Piemonte","REDD_MEDIO_FAM","annual average households income","1","including imputed rents","9","total","2020","2020",38628,,
"ITC1","Piemonte","REDD_MEDIANO_FAM","annual median households income","2","not including imputed rents","1","employee income","2020","2020",32817,,
"ITC1","Piemonte","REDD_MEDIO_FAM","annual average households income","2","not including imputed rents","1","employee income","2020","2020",38355,,
"ITC1","Piemonte","REDD_MEDIANO_FAM","annual median households income","2","not including imputed rents","2","self-employed income","2020","2020",35568,,
"ITC1","Piemonte","REDD_MEDIO_FAM","annual average households income","2","not including imputed rents","2","self-employed income","2020","2020",47615,,
"ITC1","Piemonte","REDD_MEDIANO_FAM","annual median households income","2","not including imputed rents","3","public transfers income","2020","2020",21681,,
"ITC1","Piemonte","REDD_MEDIO_FAM","annual average households income","2","not including imputed rents","3","public transfers income","2020","2020",27090,,
"ITC1","Piemonte","REDD_MEDIANO_FAM","annual median households income","2","not including imputed rents","4","other type","2020","2020",18359,"n","data statistically not significant (see explanatory texts)"
"ITC1","Piemonte","REDD_MEDIO_FAM","annual average households income","2","not including imputed rents","4","other type","2020","2020",25069,"n","data statistically not significant (see explanatory texts)"
"ITC1","Piemonte","REDD_MEDIANO_FAM","annual median households income","2","not including imputed rents","9","total","2020","2020",27544,,
"ITC1","Piemonte","REDD_MEDIO_FAM","annual average households income","2","not including imputed rents","9","total","2020","2020",34079,,
"ITC2","Valle d'Aosta / Vallée d'Aoste","REDD_MEDIANO_FAM","annual median households income","1","including imputed rents","9","total","2020","2020",31797,,
"ITC2","Valle d'Aosta / Vallée d'Aoste","REDD_MEDIO_FAM","annual average households income","1","including imputed rents","9","total","2020","2020",38640,,
"ITC2","Valle d'Aosta / Vallée d'Aoste","REDD_MEDIANO_FAM","annual median households income","2","not including imputed rents","1","employee income","2020","2020",29681,,
"ITC2","Valle d'Aosta / Vallée d'Aoste","REDD_MEDIO_FAM","annual average households income","2","not including imputed rents","1","employee income","2020","2020",35631,,
"ITC2","Valle d'Aosta / Vallée d'Aoste","REDD_MEDIANO_FAM","annual median households income","2","not including imputed rents","2","self-employed income","2020","2020",45471,"n","data statistically not significant (see explanatory texts)"
"ITC2","Valle d'Aosta / Vallée d'Aoste","REDD_MEDIO_FAM","annual average households income","2","not including imputed rents","2","self-employed income","2020","2020",45763,"n","data statistically not significant (see explanatory texts)"
"ITC2","Valle d'Aosta / Vallée d'Aoste","REDD_MEDIANO_FAM","annual median households income","2","not including imputed rents","3","public transfers income","2020","2020",21547,,
"ITC2","Valle d'Aosta / Vallée d'Aoste","REDD_MEDIO_FAM","annual average households income","2","not including imputed rents","3","public transfers income","2020","2020",29112,,
"ITC2","Valle d'Aosta / Vallée d'Aoste","REDD_MEDIANO_FAM","annual median households income","2","not including imputed rents","4","other type","2020","2020",,"0","less than half of the unit used"
"ITC2","Valle d'Aosta / Vallée d'Aoste","REDD_MEDIO_FAM","annual average households income","2","not including imputed rents","4","other type","2020","2020",,"0","less than half of the unit used"
"ITC2","Valle d'Aosta / Vallée d'Aoste","REDD_MEDIANO_FAM","annual median households income","2","not including imputed rents","9","total","2020","2020",26948,,
"ITC2","Valle d'Aosta / Vallée d'Aoste","REDD_MEDIO_FAM","annual average households income","2","not including imputed rents","9","total","2020","2020",33735,,
"ITC3","Liguria","REDD_MEDIANO_FAM","annual median households income","1","including imputed rents","9","total","2020","2020",32108,,
"ITC3","Liguria","REDD_MEDIO_FAM","annual average households income","1","including imputed rents","9","total","2020","2020",37332,,
"ITC3","Liguria","REDD_MEDIANO_FAM","annual median households income","2","not including imputed rents","1","employee income","2020","2020",31254,,
"ITC3","Liguria","REDD_MEDIO_FAM","annual average households income","2","not including imputed rents","1","employee income","2020","2020",34806,,
"ITC3","Liguria","REDD_MEDIANO_FAM","annual median households income","2","not including imputed rents","2","self-employed income","2020","2020",24954,,
"ITC3","Liguria","REDD_MEDIO_FAM","annual average households income","2","not including imputed rents","2","self-employed income","2020","2020",39009,,
"ITC3","Liguria","REDD_MEDIANO_FAM","annual median households income","2","not including imputed rents","3","public transfers income","2020","2020",22941,,
"ITC3","Liguria","REDD_MEDIO_FAM","annual average households income","2","not including imputed rents","3","public transfers income","2020","2020",28026,,
"ITC3","Liguria","REDD_MEDIANO_FAM","annual median households income","2","not including imputed rents","4","other type","2020","2020",9558,"n","data statistically not significant (see explanatory texts)"
"ITC3","Liguria","REDD_MEDIO_FAM","annual average households income","2","not including imputed rents","4","other type","2020","2020",20851,"n","data statistically not significant (see explanatory texts)"
"ITC3","Liguria","REDD_MEDIANO_FAM","annual median households income","2","not including imputed rents","9","total","2020","2020",26202,,
"ITC3","Liguria","REDD_MEDIO_FAM","annual average households income","2","not including imputed rents","9","total","2020","2020",31865,,
"ITC4","Lombardia","REDD_MEDIANO_FAM","annual median households income","1","including imputed rents","9","total","2020","2020",35917,,
"ITC4","Lombardia","REDD_MEDIO_FAM","annual average households income","1","including imputed rents","9","total","2020","2020",43126,,
"ITC4","Lombardia","REDD_MEDIANO_FAM","annual median households income","2","not including imputed rents","1","employee income","2020","2020",34663,,
"ITC4","Lombardia","REDD_MEDIO_FAM","annual average households income","2","not including imputed rents","1","employee income","2020","2020",40858,,
"ITC4","Lombardia","REDD_MEDIANO_FAM","annual median households income","2","not including imputed rents","2","self-employed income","2020","2020",41707,,
"ITC4","Lombardia","REDD_MEDIO_FAM","annual average households income","2","not including imputed rents","2","self-employed income","2020","2020",52489,,
"ITC4","Lombardia","REDD_MEDIANO_FAM","annual median households income","2","not including imputed rents","3","public transfers income","2020","2020",24348,,
"ITC4","Lombardia","REDD_MEDIO_FAM","annual average households income","2","not including imputed rents","3","public transfers income","2020","2020",29937,,
"ITC4","Lombardia","REDD_MEDIANO_FAM","annual median households income","2","not including imputed rents","4","other type","2020","2020",17856,"n","data statistically not significant (see explanatory texts)"
"ITC4","Lombardia","REDD_MEDIO_FAM","annual average households income","2","not including imputed rents","4","other type","2020","2020",19552,"n","data statistically not significant (see explanatory texts)"
"ITC4","Lombardia","REDD_MEDIANO_FAM","annual median households income","2","not including imputed rents","9","total","2020","2020",30496,,
"ITC4","Lombardia","REDD_MEDIO_FAM","annual average households income","2","not including imputed rents","9","total","2020","2020",37611,,
"ITD","Nord-est","REDD_MEDIANO_FAM","annual median households income","1","including imputed rents","9","total","2020","2020",35645,,
"ITD","Nord-est","REDD_MEDIO_FAM","annual average households income","1","including imputed rents","9","total","2020","2020",42095,,
"ITD","Nord-est","REDD_MEDIANO_FAM","annual median households income","2","not including imputed rents","1","employee income","2020","2020",35143,,
"ITD","Nord-est","REDD_MEDIO_FAM","annual average households income","2","not including imputed rents","1","employee income","2020","2020",38927,,
"ITD","Nord-est","REDD_MEDIANO_FAM","annual median households income","2","not including imputed rents","2","self-employed income","2020","2020",40371,,
"ITD","Nord-est","REDD_MEDIO_FAM","annual average households income","2","not including imputed rents","2","self-employed income","2020","2020",47309,,
"ITD","Nord-est","REDD_MEDIANO_FAM","annual median households income","2","not including imputed rents","3","public transfers income","2020","2020",24188,,
"ITD","Nord-est","REDD_MEDIO_FAM","annual average households income","2","not including imputed rents","3","public transfers income","2020","2020",30722,,
"ITD","Nord-est","REDD_MEDIANO_FAM","annual median households income","2","not including imputed rents","4","other type","2020","2020",12020,,
"ITD","Nord-est","REDD_MEDIO_FAM","annual average households income","2","not including imputed rents","4","other type","2020","2020",24454,,
"ITD","Nord-est","REDD_MEDIANO_FAM","annual median households income","2","not including imputed rents","9","total","2020","2020",29850,,
"ITD","Nord-est","REDD_MEDIO_FAM","annual average households income","2","not including imputed rents","9","total","2020","2020",36418,,
"ITD1","Provincia Autonoma Bolzano / Bozen","REDD_MEDIANO_FAM","annual median households income","1","including imputed rents","9","total","2020","2020",37840,,
"ITD1","Provincia Autonoma Bolzano / Bozen","REDD_MEDIO_FAM","annual average households income","1","including imputed rents","9","total","2020","2020",45647,,
"ITD1","Provincia Autonoma Bolzano / Bozen","REDD_MEDIANO_FAM","annual median households income","2","not including imputed rents","1","employee income","2020","2020",38313,,
"ITD1","Provincia Autonoma Bolzano / Bozen","REDD_MEDIO_FAM","annual average households income","2","not including imputed rents","1","employee income","2020","2020",42216,,
"ITD1","Provincia Autonoma Bolzano / Bozen","REDD_MEDIANO_FAM","annual median households income","2","not including imputed rents","2","self-employed income","2020","2020",54873,"n","data statistically not significant (see explanatory texts)"
"ITD1","Provincia Autonoma Bolzano / Bozen","REDD_MEDIO_FAM","annual average households income","2","not including imputed rents","2","self-employed income","2020","2020",57145,"n","data statistically not significant (see explanatory texts)"
"ITD1","Provincia Autonoma Bolzano / Bozen","REDD_MEDIANO_FAM","annual median households income","2","not including imputed rents","3","public transfers income","2020","2020",24884,,
"ITD1","Provincia Autonoma Bolzano / Bozen","REDD_MEDIO_FAM","annual average households income","2","not including imputed rents","3","public transfers income","2020","2020",31789,,
"ITD1","Provincia Autonoma Bolzano / Bozen","REDD_MEDIANO_FAM","annual median households income","2","not including imputed rents","4","other type","2020","2020",,"0","less than half of the unit used"
"ITD1","Provincia Autonoma Bolzano / Bozen","REDD_MEDIO_FAM","annual average households income","2","not including imputed rents","4","other type","2020","2020",,"0","less than half of the unit used"
"ITD1","Provincia Autonoma Bolzano / Bozen","REDD_MEDIANO_FAM","annual median households income","2","not including imputed rents","9","total","2020","2020",31146,,
"ITD1","Provincia Autonoma Bolzano / Bozen","REDD_MEDIO_FAM","annual average households income","2","not including imputed rents","9","total","2020","2020",39534,,
"ITD2","Provincia Autonoma Trento","REDD_MEDIANO_FAM","annual median households income","1","including imputed rents","9","total","2020","2020",34547,,
"ITD2","Provincia Autonoma Trento","REDD_MEDIO_FAM","annual average households income","1","including imputed rents","9","total","2020","2020",41825,,
"ITD2","Provincia Autonoma Trento","REDD_MEDIANO_FAM","annual median households income","2","not including imputed rents","1","employee income","2020","2020",33078,,
"ITD2","Provincia Autonoma Trento","REDD_MEDIO_FAM","annual average households income","2","not including imputed rents","1","employee income","2020","2020",38684,,
"ITD2","Provincia Autonoma Trento","REDD_MEDIANO_FAM","annual median households income","2","not including imputed rents","2","self-employed income","2020","2020",44418,,
"ITD2","Provincia Autonoma Trento","REDD_MEDIO_FAM","annual average households income","2","not including imputed rents","2","self-employed income","2020","2020",52330,,
"ITD2","Provincia Autonoma Trento","REDD_MEDIANO_FAM","annual median households income","2","not including imputed rents","3","public transfers income","2020","2020",22360,,
"ITD2","Provincia Autonoma Trento","REDD_MEDIO_FAM","annual average households income","2","not including imputed rents","3","public transfers income","2020","2020",29187,,
"ITD2","Provincia Autonoma Trento","REDD_MEDIANO_FAM","annual median households income","2","not including imputed rents","4","other type","2020","2020",,"0","less than half of the unit used"
"ITD2","Provincia Autonoma Trento","REDD_MEDIO_FAM","annual average households income","2","not including imputed rents","4","other type","2020","2020",,"0","less than half of the unit used"
"ITD2","Provincia Autonoma Trento","REDD_MEDIANO_FAM","annual median households income","2","not including imputed rents","9","total","2020","2020",29901,,
"ITD2","Provincia Autonoma Trento","REDD_MEDIO_FAM","annual average households income","2","not including imputed rents","9","total","2020","2020",35917,,
"ITD3","Veneto","REDD_MEDIANO_FAM","annual median households income","1","including imputed rents","9","total","2020","2020",34616,,
"ITD3","Veneto","REDD_MEDIO_FAM","annual average households income","1","including imputed rents","9","total","2020","2020",41247,,
"ITD3","Veneto","REDD_MEDIANO_FAM","annual median households income","2","not including imputed rents","1","employee income","2020","2020",33709,,
"ITD3","Veneto","REDD_MEDIO_FAM","annual average households income","2","not including imputed rents","1","employee income","2020","2020",37529,,
"ITD3","Veneto","REDD_MEDIANO_FAM","annual median households income","2","not including imputed rents","2","self-employed income","2020","2020",38437,,
"ITD3","Veneto","REDD_MEDIO_FAM","annual average households income","2","not including imputed rents","2","self-employed income","2020","2020",49564,,
"ITD3","Veneto","REDD_MEDIANO_FAM","annual median households income","2","not including imputed rents","3","public transfers income","2020","2020",23193,,
"ITD3","Veneto","REDD_MEDIO_FAM","annual average households income","2","not including imputed rents","3","public transfers income","2020","2020",28765,,
"ITD3","Veneto","REDD_MEDIANO_FAM","annual median households income","2","not including imputed rents","4","other type","2020","2020",6000,"n","data statistically not significant (see explanatory texts)"
"ITD3","Veneto","REDD_MEDIO_FAM","annual average households income","2","not including imputed rents","4","other type","2020","2020",21607,"n","data statistically not significant (see explanatory texts)"
"ITD3","Veneto","REDD_MEDIANO_FAM","annual median households income","2","not including imputed rents","9","total","2020","2020",28193,,
"ITD3","Veneto","REDD_MEDIO_FAM","annual average households income","2","not including imputed rents","9","total","2020","2020",35536,,
"ITD4","Friuli-Venezia Giulia","REDD_MEDIANO_FAM","annual median households income","1","including imputed rents","9","total","2020","2020",33716,,
"ITD4","Friuli-Venezia Giulia","REDD_MEDIO_FAM","annual average households income","1","including imputed rents","9","total","2020","2020",39267,,
"ITD4","Friuli-Venezia Giulia","REDD_MEDIANO_FAM","annual median households income","2","not including imputed rents","1","employee income","2020","2020",33882,,
"ITD4","Friuli-Venezia Giulia","REDD_MEDIO_FAM","annual average households income","2","not including imputed rents","1","employee income","2020","2020",38880,,
"ITD4","Friuli-Venezia Giulia","REDD_MEDIANO_FAM","annual median households income","2","not including imputed rents","2","self-employed income","2020","2020",35620,,
"ITD4","Friuli-Venezia Giulia","REDD_MEDIO_FAM","annual average households income","2","not including imputed rents","2","self-employed income","2020","2020",41298,,
"ITD4","Friuli-Venezia Giulia","REDD_MEDIANO_FAM","annual median households income","2","not including imputed rents","3","public transfers income","2020","2020",23045,,
"ITD4","Friuli-Venezia Giulia","REDD_MEDIO_FAM","annual average households income","2","not including imputed rents","3","public transfers income","2020","2020",27907,,
"ITD4","Friuli-Venezia Giulia","REDD_MEDIANO_FAM","annual median households income","2","not including imputed rents","4","other type","2020","2020",,"0","less than half of the unit used"
"ITD4","Friuli-Venezia Giulia","REDD_MEDIO_FAM","annual average households income","2","not including imputed rents","4","other type","2020","2020",,"0","less than half of the unit used"
"ITD4","Friuli-Venezia Giulia","REDD_MEDIANO_FAM","annual median households income","2","not including imputed rents","9","total","2020","2020",28219,,
"ITD4","Friuli-Venezia Giulia","REDD_MEDIO_FAM","annual average households income","2","not including imputed rents","9","total","2020","2020",33794,,
"ITD5","Emilia-Romagna","REDD_MEDIANO_FAM","annual median households income","1","including imputed rents","9","total","2020","2020",37903,,
"ITD5","Emilia-Romagna","REDD_MEDIO_FAM","annual average households income","1","including imputed rents","9","total","2020","2020",43388,,
"ITD5","Emilia-Romagna","REDD_MEDIANO_FAM","annual median households income","2","not including imputed rents","1","employee income","2020","2020",38060,,
"ITD5","Emilia-Romagna","REDD_MEDIO_FAM","annual average households income","2","not including imputed rents","1","employee income","2020","2020",40039,,
"ITD5","Emilia-Romagna","REDD_MEDIANO_FAM","annual median households income","2","not including imputed rents","2","self-employed income","2020","2020",38780,,
"ITD5","Emilia-Romagna","REDD_MEDIO_FAM","annual average households income","2","not including imputed rents","2","self-employed income","2020","2020",44424,,
"ITD5","Emilia-Romagna","REDD_MEDIANO_FAM","annual median households income","2","not including imputed rents","3","public transfers income","2020","2020",26120,,
"ITD5","Emilia-Romagna","REDD_MEDIO_FAM","annual average households income","2","not including imputed rents","3","public transfers income","2020","2020",33655,,
"ITD5","Emilia-Romagna","REDD_MEDIANO_FAM","annual median households income","2","not including imputed rents","4","other type","2020","2020",13814,"n","data statistically not significant (see explanatory texts)"
"ITD5","Emilia-Romagna","REDD_MEDIO_FAM","annual average households income","2","not including imputed rents","4","other type","2020","2020",28484,"n","data statistically not significant (see explanatory texts)"
"ITD5","Emilia-Romagna","REDD_MEDIANO_FAM","annual median households income","2","not including imputed rents","9","total","2020","2020",31552,,
"ITD5","Emilia-Romagna","REDD_MEDIO_FAM","annual average households income","2","not including imputed rents","9","total","2020","2020",37768,,
"ITE","Centro (I)","REDD_MEDIANO_FAM","annual median households income","1","including imputed rents","9","total","2020","2020",34479,,
"ITE","Centro (I)","REDD_MEDIO_FAM","annual average households income","1","including imputed rents","9","total","2020","2020",39621,,
"ITE","Centro (I)","REDD_MEDIANO_FAM","annual median households income","2","not including imputed rents","1","employee income","2020","2020",32686,,
"ITE","Centro (I)","REDD_MEDIO_FAM","annual average households income","2","not including imputed rents","1","employee income","2020","2020",36122,,
"ITE","Centro (I)","REDD_MEDIANO_FAM","annual median households income","2","not including imputed rents","2","self-employed income","2020","2020",32965,,
"ITE","Centro (I)","REDD_MEDIO_FAM","annual average households income","2","not including imputed rents","2","self-employed income","2020","2020",41257,,
"ITE","Centro (I)","REDD_MEDIANO_FAM","annual median households income","2","not including imputed rents","3","public transfers income","2020","2020",24875,,
"ITE","Centro (I)","REDD_MEDIO_FAM","annual average households income","2","not including imputed rents","3","public transfers income","2020","2020",30581,,
"ITE","Centro (I)","REDD_MEDIANO_FAM","annual median households income","2","not including imputed rents","4","other type","2020","2020",15450,,
"ITE","Centro (I)","REDD_MEDIO_FAM","annual average households income","2","not including imputed rents","4","other type","2020","2020",19174,,
"ITE","Centro (I)","REDD_MEDIANO_FAM","annual median households income","2","not including imputed rents","9","total","2020","2020",28660,,
"ITE","Centro (I)","REDD_MEDIO_FAM","annual average households income","2","not including imputed rents","9","total","2020","2020",33837,,
"ITE1","Toscana","REDD_MEDIANO_FAM","annual median households income","1","including imputed rents","9","total","2020","2020",36243,,
"ITE1","Toscana","REDD_MEDIO_FAM","annual average households income","1","including imputed rents","9","total","2020","2020",41136,,
"ITE1","Toscana","REDD_MEDIANO_FAM","annual median households income","2","not including imputed rents","1","employee income","2020","2020",33938,,
"ITE1","Toscana","REDD_MEDIO_FAM","annual average households income","2","not including imputed rents","1","employee income","2020","2020",37288,,
"ITE1","Toscana","REDD_MEDIANO_FAM","annual median households income","2","not including imputed rents","2","self-employed income","2020","2020",35367,,
"ITE1","Toscana","REDD_MEDIO_FAM","annual average households income","2","not including imputed rents","2","self-employed income","2020","2020",42582,,
"ITE1","Toscana","REDD_MEDIANO_FAM","annual median households income","2","not including imputed rents","3","public transfers income","2020","2020",26399,,
"ITE1","Toscana","REDD_MEDIO_FAM","annual average households income","2","not including imputed rents","3","public transfers income","2020","2020",30562,,
"ITE1","Toscana","REDD_MEDIANO_FAM","annual median households income","2","not including imputed rents","4","other type","2020","2020",17652,,
"ITE1","Toscana","REDD_MEDIO_FAM","annual average households income","2","not including imputed rents","4","other type","2020","2020",19939,,
"ITE1","Toscana","REDD_MEDIANO_FAM","annual median households income","2","not including imputed rents","9","total","2020","2020",30568,,
"ITE1","Toscana","REDD_MEDIO_FAM","annual average households income","2","not including imputed rents","9","total","2020","2020",34834,,
"ITE2","Umbria","REDD_MEDIANO_FAM","annual median households income","1","including imputed rents","9","total","2020","2020",34433,,
"ITE2","Umbria","REDD_MEDIO_FAM","annual average households income","1","including imputed rents","9","total","2020","2020",38987,,
"ITE2","Umbria","REDD_MEDIANO_FAM","annual median households income","2","not including imputed rents","1","employee income","2020","2020",31190,,
"ITE2","Umbria","REDD_MEDIO_FAM","annual average households income","2","not including imputed rents","1","employee income","2020","2020",33379,,
"ITE2","Umbria","REDD_MEDIANO_FAM","annual median households income","2","not including imputed rents","2","self-employed income","2020","2020",35435,,
"ITE2","Umbria","REDD_MEDIO_FAM","annual average households income","2","not including imputed rents","2","self-employed income","2020","2020",40994,,
"ITE2","Umbria","REDD_MEDIANO_FAM","annual median households income","2","not including imputed rents","3","public transfers income","2020","2020",26597,,
"ITE2","Umbria","REDD_MEDIO_FAM","annual average households income","2","not including imputed rents","3","public transfers income","2020","2020",32268,,
"ITE2","Umbria","REDD_MEDIANO_FAM","annual median households income","2","not including imputed rents","4","other type","2020","2020",,"0","less than half of the unit used"
"ITE2","Umbria","REDD_MEDIO_FAM","annual average households income","2","not including imputed rents","4","other type","2020","2020",,"0","less than half of the unit used"
"ITE2","Umbria","REDD_MEDIANO_FAM","annual median households income","2","not including imputed rents","9","total","2020","2020",29074,,
"ITE2","Umbria","REDD_MEDIO_FAM","annual average households income","2","not including imputed rents","9","total","2020","2020",33714,,
"ITE3","Marche","REDD_MEDIANO_FAM","annual median households income","1","including imputed rents","9","total","2020","2020",35541,,
"ITE3","Marche","REDD_MEDIO_FAM","annual average households income","1","including imputed rents","9","total","2020","2020",40062,,
"ITE3","Marche","REDD_MEDIANO_FAM","annual median households income","2","not including imputed rents","1","employee income","2020","2020",36179,,
"ITE3","Marche","REDD_MEDIO_FAM","annual average households income","2","not including imputed rents","1","employee income","2020","2020",38337,,
"ITE3","Marche","REDD_MEDIANO_FAM","annual median households income","2","not including imputed rents","2","self-employed income","2020","2020",35814,,
"ITE3","Marche","REDD_MEDIO_FAM","annual average households income","2","not including imputed rents","2","self-employed income","2020","2020",42132,,
"ITE3","Marche","REDD_MEDIANO_FAM","annual median households income","2","not including imputed rents","3","public transfers income","2020","2020",25073,,
"ITE3","Marche","REDD_MEDIO_FAM","annual average households income","2","not including imputed rents","3","public transfers income","2020","2020",30657,,
"ITE3","Marche","REDD_MEDIANO_FAM","annual median households income","2","not including imputed rents","4","other type","2020","2020",,"0","less than half of the unit used"
"ITE3","Marche","REDD_MEDIO_FAM","annual average households income","2","not including imputed rents","4","other type","2020","2020",,"0","less than half of the unit used"
"ITE3","Marche","REDD_MEDIANO_FAM","annual median households income","2","not including imputed rents","9","total","2020","2020",30744,,
"ITE3","Marche","REDD_MEDIO_FAM","annual average households income","2","not including imputed rents","9","total","2020","2020",35315,,
"ITE4","Lazio","REDD_MEDIANO_FAM","annual median households income","1","including imputed rents","9","total","2020","2020",33171,,
"ITE4","Lazio","REDD_MEDIO_FAM","annual average households income","1","including imputed rents","9","total","2020","2020",38646,,
"ITE4","Lazio","REDD_MEDIANO_FAM","annual median households income","2","not including imputed rents","1","employee income","2020","2020",30749,,
"ITE4","Lazio","REDD_MEDIO_FAM","annual average households income","2","not including imputed rents","1","employee income","2020","2020",35293,,
"ITE4","Lazio","REDD_MEDIANO_FAM","annual median households income","2","not including imputed rents","2","self-employed income","2020","2020",28670,,
"ITE4","Lazio","REDD_MEDIO_FAM","annual average households income","2","not including imputed rents","2","self-employed income","2020","2020",39798,,
"ITE4","Lazio","REDD_MEDIANO_FAM","annual median households income","2","not including imputed rents","3","public transfers income","2020","2020",23914,,
"ITE4","Lazio","REDD_MEDIO_FAM","annual average households income","2","not including imputed rents","3","public transfers income","2020","2020",30306,,
"ITE4","Lazio","REDD_MEDIANO_FAM","annual median households income","2","not including imputed rents","4","other type","2020","2020",15000,,
"ITE4","Lazio","REDD_MEDIO_FAM","annual average households income","2","not including imputed rents","4","other type","2020","2020",19358,,
"ITE4","Lazio","REDD_MEDIANO_FAM","annual median households income","2","not including imputed rents","9","total","2020","2020",26873,,
"ITE4","Lazio","REDD_MEDIO_FAM","annual average households income","2","not including imputed rents","9","total","2020","2020",32858,,
"ITF","Sud","REDD_MEDIANO_FAM","annual median households income","1","including imputed rents","9","total","2020","2020",25823,,
"ITF","Sud","REDD_MEDIO_FAM","annual average households income","1","including imputed rents","9","total","2020","2020",30788,,
"ITF","Sud","REDD_MEDIANO_FAM","annual median households income","2","not including imputed rents","1","employee income","2020","2020",26676,,
"ITF","Sud","REDD_MEDIO_FAM","annual average households income","2","not including imputed rents","1","employee income","2020","2020",30354,,
"ITF","Sud","REDD_MEDIANO_FAM","annual median households income","2","not including imputed rents","2","self-employed income","2020","2020",24371,,
"ITF","Sud","REDD_MEDIO_FAM","annual average households income","2","not including imputed rents","2","self-employed income","2020","2020",33283,,
"ITF","Sud","REDD_MEDIANO_FAM","annual median households income","2","not including imputed rents","3","public transfers income","2020","2020",19306,,
"ITF","Sud","REDD_MEDIO_FAM","annual average households income","2","not including imputed rents","3","public transfers income","2020","2020",24337,,
"ITF","Sud","REDD_MEDIANO_FAM","annual median households income","2","not including imputed rents","4","other type","2020","2020",7780,,
"ITF","Sud","REDD_MEDIO_FAM","annual average households income","2","not including imputed rents","4","other type","2020","2020",12043,,
"ITF","Sud","REDD_MEDIANO_FAM","annual median households income","2","not including imputed rents","9","total","2020","2020",22510,,
"ITF","Sud","REDD_MEDIO_FAM","annual average households income","2","not including imputed rents","9","total","2020","2020",27189,,
"ITF1","Abruzzo","REDD_MEDIANO_FAM","annual median households income","1","including imputed rents","9","total","2020","2020",25847,,
"ITF1","Abruzzo","REDD_MEDIO_FAM","annual average households income","1","including imputed rents","9","total","2020","2020",29052,,
"ITF1","Abruzzo","REDD_MEDIANO_FAM","annual median households income","2","not including imputed rents","1","employee income","2020","2020",28298,,
"ITF1","Abruzzo","REDD_MEDIO_FAM","annual average households income","2","not including imputed rents","1","employee income","2020","2020",32476,,
"ITF1","Abruzzo","REDD_MEDIANO_FAM","annual median households income","2","not including imputed rents","2","self-employed income","2020","2020",23289,"n","data statistically not significant (see explanatory texts)"
"ITF1","Abruzzo","REDD_MEDIO_FAM","annual average households income","2","not including imputed rents","2","self-employed income","2020","2020",26787,"n","data statistically not significant (see explanatory texts)"
"ITF1","Abruzzo","REDD_MEDIANO_FAM","annual median households income","2","not including imputed rents","3","public transfers income","2020","2020",17147,,
"ITF1","Abruzzo","REDD_MEDIO_FAM","annual average households income","2","not including imputed rents","3","public transfers income","2020","2020",21933,,
"ITF1","Abruzzo","REDD_MEDIANO_FAM","annual median households income","2","not including imputed rents","4","other type","2020","2020",,"0","less than half of the unit used"
"ITF1","Abruzzo","REDD_MEDIO_FAM","annual average households income","2","not including imputed rents","4","other type","2020","2020",,"0","less than half of the unit used"
"ITF1","Abruzzo","REDD_MEDIANO_FAM","annual median households income","2","not including imputed rents","9","total","2020","2020",22979,,
"ITF1","Abruzzo","REDD_MEDIO_FAM","annual average households income","2","not including imputed rents","9","total","2020","2020",26037,,
"ITF2","Molise","REDD_MEDIANO_FAM","annual median households income","1","including imputed rents","9","total","2020","2020",25641,,
"ITF2","Molise","REDD_MEDIO_FAM","annual average households income","1","including imputed rents","9","total","2020","2020",29985,,
"ITF2","Molise","REDD_MEDIANO_FAM","annual median households income","2","not including imputed rents","1","employee income","2020","2020",26998,,
"ITF2","Molise","REDD_MEDIO_FAM","annual average households income","2","not including imputed rents","1","employee income","2020","2020",32053,,
"ITF2","Molise","REDD_MEDIANO_FAM","annual median households income","2","not including imputed rents","2","self-employed income","2020","2020",,"0","less than half of the unit used"
"ITF2","Molise","REDD_MEDIO_FAM","annual average households income","2","not including imputed rents","2","self-employed income","2020","2020",,"0","less than half of the unit used"
"ITF2","Molise","REDD_MEDIANO_FAM","annual median households income","2","not including imputed rents","3","public transfers income","2020","2020",19520,,
"ITF2","Molise","REDD_MEDIO_FAM","annual average households income","2","not including imputed rents","3","public transfers income","2020","2020",24143,,
"ITF2","Molise","REDD_MEDIANO_FAM","annual median households income","2","not including imputed rents","4","other type","2020","2020",,"0","less than half of the unit used"
"ITF2","Molise","REDD_MEDIO_FAM","annual average households income","2","not including imputed rents","4","other type","2020","2020",,"0","less than half of the unit used"
"ITF2","Molise","REDD_MEDIANO_FAM","annual median households income","2","not including imputed rents","9","total","2020","2020",22846,,
"ITF2","Molise","REDD_MEDIO_FAM","annual average households income","2","not including imputed rents","9","total","2020","2020",27368,,
"ITF3","Campania","REDD_MEDIANO_FAM","annual median households income","1","including imputed rents","9","total","2020","2020",24681,,
"ITF3","Campania","REDD_MEDIO_FAM","annual average households income","1","including imputed rents","9","total","2020","2020",30202,,
"ITF3","Campania","REDD_MEDIANO_FAM","annual median households income","2","not including imputed rents","1","employee income","2020","2020",25595,,
"ITF3","Campania","REDD_MEDIO_FAM","annual average households income","2","not including imputed rents","1","employee income","2020","2020",28891,,
"ITF3","Campania","REDD_MEDIANO_FAM","annual median households income","2","not including imputed rents","2","self-employed income","2020","2020",32587,,
"ITF3","Campania","REDD_MEDIO_FAM","annual average households income","2","not including imputed rents","2","self-employed income","2020","2020",38629,,
"ITF3","Campania","REDD_MEDIANO_FAM","annual median households income","2","not including imputed rents","3","public transfers income","2020","2020",17601,,
"ITF3","Campania","REDD_MEDIO_FAM","annual average households income","2","not including imputed rents","3","public transfers income","2020","2020",23692,,
"ITF3","Campania","REDD_MEDIANO_FAM","annual median households income","2","not including imputed rents","4","other type","2020","2020",9256,"n","data statistically not significant (see explanatory texts)"
"ITF3","Campania","REDD_MEDIO_FAM","annual average households income","2","not including imputed rents","4","other type","2020","2020",13931,"n","data statistically not significant (see explanatory texts)"
"ITF3","Campania","REDD_MEDIANO_FAM","annual median households income","2","not including imputed rents","9","total","2020","2020",21234,,
"ITF3","Campania","REDD_MEDIO_FAM","annual average households income","2","not including imputed rents","9","total","2020","2020",26626,,
"ITF4","Puglia","REDD_MEDIANO_FAM","annual median households income","1","including imputed rents","9","total","2020","2020",26554,,
"ITF4","Puglia","REDD_MEDIO_FAM","annual average households income","1","including imputed rents","9","total","2020","2020",31156,,
"ITF4","Puglia","REDD_MEDIANO_FAM","annual median households income","2","not including imputed rents","1","employee income","2020","2020",28405,,
"ITF4","Puglia","REDD_MEDIO_FAM","annual average households income","2","not including imputed rents","1","employee income","2020","2020",29868,,
"ITF4","Puglia","REDD_MEDIANO_FAM","annual median households income","2","not including imputed rents","2","self-employed income","2020","2020",21648,,
"ITF4","Puglia","REDD_MEDIO_FAM","annual average households income","2","not including imputed rents","2","self-employed income","2020","2020",32245,,
"ITF4","Puglia","REDD_MEDIANO_FAM","annual median households income","2","not including imputed rents","3","public transfers income","2020","2020",20556,,
"ITF4","Puglia","REDD_MEDIO_FAM","annual average households income","2","not including imputed rents","3","public transfers income","2020","2020",24731,,
"ITF4","Puglia","REDD_MEDIANO_FAM","annual median households income","2","not including imputed rents","4","other type","2020","2020",7692,"n","data statistically not significant (see explanatory texts)"
"ITF4","Puglia","REDD_MEDIO_FAM","annual average households income","2","not including imputed rents","4","other type","2020","2020",8259,"n","data statistically not significant (see explanatory texts)"
"ITF4","Puglia","REDD_MEDIANO_FAM","annual median households income","2","not including imputed rents","9","total","2020","2020",23116,,
"ITF4","Puglia","REDD_MEDIO_FAM","annual average households income","2","not including imputed rents","9","total","2020","2020",27252,,
"ITF5","Basilicata","REDD_MEDIANO_FAM","annual median households income","1","including imputed rents","9","total","2020","2020",27157,,
"ITF5","Basilicata","REDD_MEDIO_FAM","annual average households income","1","including imputed rents","9","total","2020","2020",31531,,
"ITF5","Basilicata","REDD_MEDIANO_FAM","annual median households income","2","not including imputed rents","1","employee income","2020","2020",24315,,
"ITF5","Basilicata","REDD_MEDIO_FAM","annual average households income","2","not including imputed rents","1","employee income","2020","2020",26552,,
"ITF5","Basilicata","REDD_MEDIANO_FAM","annual median households income","2","not including imputed rents","2","self-employed income","2020","2020",,"0","less than half of the unit used"
"ITF5","Basilicata","REDD_MEDIO_FAM","annual average households income","2","not including imputed rents","2","self-employed income","2020","2020",,"0","less than half of the unit used"
"ITF5","Basilicata","REDD_MEDIANO_FAM","annual median households income","2","not including imputed rents","3","public transfers income","2020","2020",18029,,
"ITF5","Basilicata","REDD_MEDIO_FAM","annual average households income","2","not including imputed rents","3","public transfers income","2020","2020",23838,,
"ITF5","Basilicata","REDD_MEDIANO_FAM","annual median households income","2","not including imputed rents","4","other type","2020","2020",,"0","less than half of the unit used"
"ITF5","Basilicata","REDD_MEDIO_FAM","annual average households income","2","not including imputed rents","4","other type","2020","2020",,"0","less than half of the unit used"
"ITF5","Basilicata","REDD_MEDIANO_FAM","annual median households income","2","not including imputed rents","9","total","2020","2020",22653,,
"ITF5","Basilicata","REDD_MEDIO_FAM","annual average households income","2","not including imputed rents","9","total","2020","2020",26740,,
"ITF6","Calabria","REDD_MEDIANO_FAM","annual median households income","1","including imputed rents","9","total","2020","2020",26722,,
"ITF6","Calabria","REDD_MEDIO_FAM","annual average households income","1","including imputed rents","9","total","2020","2020",32760,,
"ITF6","Calabria","REDD_MEDIANO_FAM","annual median households income","2","not including imputed rents","1","employee income","2020","2020",25879,,
"ITF6","Calabria","REDD_MEDIO_FAM","annual average households income","2","not including imputed rents","1","employee income","2020","2020",35133,,
"ITF6","Calabria","REDD_MEDIANO_FAM","annual median households income","2","not including imputed rents","2","self-employed income","2020","2020",20083,"n","data statistically not significant (see explanatory texts)"
"ITF6","Calabria","REDD_MEDIO_FAM","annual average households income","2","not including imputed rents","2","self-employed income","2020","2020",25429,"n","data statistically not significant (see explanatory texts)"
"ITF6","Calabria","REDD_MEDIANO_FAM","annual median households income","2","not including imputed rents","3","public transfers income","2020","2020",21411,,
"ITF6","Calabria","REDD_MEDIO_FAM","annual average households income","2","not including imputed rents","3","public transfers income","2020","2020",27166,,
"ITF6","Calabria","REDD_MEDIANO_FAM","annual median households income","2","not including imputed rents","4","other type","2020","2020",,"0","less than half of the unit used"
"ITF6","Calabria","REDD_MEDIO_FAM","annual average households income","2","not including imputed rents","4","other type","2020","2020",,"0","less than half of the unit used"
"ITF6","Calabria","REDD_MEDIANO_FAM","annual median households income","2","not including imputed rents","9","total","2020","2020",23784,,
"ITF6","Calabria","REDD_MEDIO_FAM","annual average households income","2","not including imputed rents","9","total","2020","2020",29495,,
"ITG","Isole","REDD_MEDIANO_FAM","annual median households income","1","including imputed rents","9","total","2020","2020",25878,,
"ITG","Isole","REDD_MEDIO_FAM","annual average households income","1","including imputed rents","9","total","2020","2020",30916,,
"ITG","Isole","REDD_MEDIANO_FAM","annual median households income","2","not including imputed rents","1","employee income","2020","2020",27598,,
"ITG","Isole","REDD_MEDIO_FAM","annual average households income","2","not including imputed rents","1","employee income","2020","2020",31116,,
"ITG","Isole","REDD_MEDIANO_FAM","annual median households income","2","not including imputed rents","2","self-employed income","2020","2020",28208,,
"ITG","Isole","REDD_MEDIO_FAM","annual average households income","2","not including imputed rents","2","self-employed income","2020","2020",36451,,
"ITG","Isole","REDD_MEDIANO_FAM","annual median households income","2","not including imputed rents","3","public transfers income","2020","2020",18005,,
"ITG","Isole","REDD_MEDIO_FAM","annual average households income","2","not including imputed rents","3","public transfers income","2020","2020",23847,,
"ITG","Isole","REDD_MEDIANO_FAM","annual median households income","2","not including imputed rents","4","other type","2020","2020",6020,"n","data statistically not significant (see explanatory texts)"
"ITG","Isole","REDD_MEDIO_FAM","annual average households income","2","not including imputed rents","4","other type","2020","2020",10083,"n","data statistically not significant (see explanatory texts)"
"ITG","Isole","REDD_MEDIANO_FAM","annual median households income","2","not including imputed rents","9","total","2020","2020",21997,,
"ITG","Isole","REDD_MEDIO_FAM","annual average households income","2","not including imputed rents","9","total","2020","2020",26780,,
"ITG1","Sicilia","REDD_MEDIANO_FAM","annual median households income","1","including imputed rents","9","total","2020","2020",25123,,
"ITG1","Sicilia","REDD_MEDIO_FAM","annual average households income","1","including imputed rents","9","total","2020","2020",30260,,
"ITG1","Sicilia","REDD_MEDIANO_FAM","annual median households income","2","not including imputed rents","1","employee income","2020","2020",27973,,
"ITG1","Sicilia","REDD_MEDIO_FAM","annual average households income","2","not including imputed rents","1","employee income","2020","2020",31298,,
"ITG1","Sicilia","REDD_MEDIANO_FAM","annual median households income","2","not including imputed rents","2","self-employed income","2020","2020",27769,,
"ITG1","Sicilia","REDD_MEDIO_FAM","annual average households income","2","not including imputed rents","2","self-employed income","2020","2020",32955,,
"ITG1","Sicilia","REDD_MEDIANO_FAM","annual median households income","2","not including imputed rents","3","public transfers income","2020","2020",17109,,
"ITG1","Sicilia","REDD_MEDIO_FAM","annual average households income","2","not including imputed rents","3","public transfers income","2020","2020",23203,,
"ITG1","Sicilia","REDD_MEDIANO_FAM","annual median households income","2","not including imputed rents","4","other type","2020","2020",8950,"n","data statistically not significant (see explanatory texts)"
"ITG1","Sicilia","REDD_MEDIO_FAM","annual average households income","2","not including imputed rents","4","other type","2020","2020",10807,"n","data statistically not significant (see explanatory texts)"
"ITG1","Sicilia","REDD_MEDIANO_FAM","annual median households income","2","not including imputed rents","9","total","2020","2020",21361,,
"ITG1","Sicilia","REDD_MEDIO_FAM","annual average households income","2","not including imputed rents","9","total","2020","2020",26034,,
"ITG2","Sardegna","REDD_MEDIANO_FAM","annual median households income","1","including imputed rents","9","total","2020","2020",28089,,
"ITG2","Sardegna","REDD_MEDIO_FAM","annual average households income","1","including imputed rents","9","total","2020","2020",32730,,
"ITG2","Sardegna","REDD_MEDIANO_FAM","annual median households income","2","not including imputed rents","1","employee income","2020","2020",27320,,
"ITG2","Sardegna","REDD_MEDIO_FAM","annual average households income","2","not including imputed rents","1","employee income","2020","2020",30624,,
"ITG2","Sardegna","REDD_MEDIANO_FAM","annual median households income","2","not including imputed rents","2","self-employed income","2020","2020",31867,,
"ITG2","Sardegna","REDD_MEDIO_FAM","annual average households income","2","not including imputed rents","2","self-employed income","2020","2020",44499,,
"ITG2","Sardegna","REDD_MEDIANO_FAM","annual median households income","2","not including imputed rents","3","public transfers income","2020","2020",20374,,
"ITG2","Sardegna","REDD_MEDIO_FAM","annual average households income","2","not including imputed rents","3","public transfers income","2020","2020",25631,,
"ITG2","Sardegna","REDD_MEDIANO_FAM","annual median households income","2","not including imputed rents","4","other type","2020","2020",,"0","less than half of the unit used"
"ITG2","Sardegna","REDD_MEDIO_FAM","annual average households income","2","not including imputed rents","4","other type","2020","2020",,"0","less than half of the unit used"
"ITG2","Sardegna","REDD_MEDIANO_FAM","annual median households income","2","not including imputed rents","9","total","2020","2020",24511,,
"ITG2","Sardegna","REDD_MEDIO_FAM","annual average households income","2","not including imputed rents","9","total","2020","2020",28841,,
"2","metropolitan area - centre","REDD_MEDIANO_FAM","annual median households income","1","including imputed rents","9","total","2020","2020",33181,,
"2","metropolitan area - centre","REDD_MEDIO_FAM","annual average households income","1","including imputed rents","9","total","2020","2020",41208,,
"2","metropolitan area - centre","REDD_MEDIANO_FAM","annual median households income","2","not including imputed rents","1","employee income","2020","2020",30651,,
"2","metropolitan area - centre","REDD_MEDIO_FAM","annual average households income","2","not including imputed rents","1","employee income","2020","2020",38630,,
"2","metropolitan area - centre","REDD_MEDIANO_FAM","annual median households income","2","not including imputed rents","2","self-employed income","2020","2020",33049,,
"2","metropolitan area - centre","REDD_MEDIO_FAM","annual average households income","2","not including imputed rents","2","self-employed income","2020","2020",45635,,
"2","metropolitan area - centre","REDD_MEDIANO_FAM","annual median households income","2","not including imputed rents","3","public transfers income","2020","2020",24092,,
"2","metropolitan area - centre","REDD_MEDIO_FAM","annual average households income","2","not including imputed rents","3","public transfers income","2020","2020",31510,,
"2","metropolitan area - centre","REDD_MEDIANO_FAM","annual median households income","2","not including imputed rents","4","other type","2020","2020",16157,,
"2","metropolitan area - centre","REDD_MEDIO_FAM","annual average households income","2","not including imputed rents","4","other type","2020","2020",22225,,
"2","metropolitan area - centre","REDD_MEDIANO_FAM","annual median households income","2","not including imputed rents","9","total","2020","2020",27100,,
"2","metropolitan area - centre","REDD_MEDIO_FAM","annual average households income","2","not including imputed rents","9","total","2020","2020",35372,,
"3","metropolitan area - suburbs","REDD_MEDIANO_FAM","annual median households income","1","including imputed rents","9","total","2020","2020",32456,,
"3","metropolitan area - suburbs","REDD_MEDIO_FAM","annual average households income","1","including imputed rents","9","total","2020","2020",38963,,
"3","metropolitan area - suburbs","REDD_MEDIANO_FAM","annual median households income","2","not including imputed rents","1","employee income","2020","2020",31959,,
"3","metropolitan area - suburbs","REDD_MEDIO_FAM","annual average households income","2","not including imputed rents","1","employee income","2020","2020",37828,,
"3","metropolitan area - suburbs","REDD_MEDIANO_FAM","annual median households income","2","not including imputed rents","2","self-employed income","2020","2020",36920,,
"3","metropolitan area - suburbs","REDD_MEDIO_FAM","annual average households income","2","not including imputed rents","2","self-employed income","2020","2020",44716,,
"3","metropolitan area - suburbs","REDD_MEDIANO_FAM","annual median households income","2","not including imputed rents","3","public transfers income","2020","2020",22205,,
"3","metropolitan area - suburbs","REDD_MEDIO_FAM","annual average households income","2","not including imputed rents","3","public transfers income","2020","2020",28175,,
"3","metropolitan area - suburbs","REDD_MEDIANO_FAM","annual median households income","2","not including imputed rents","4","other type","2020","2020",16200,,
"3","metropolitan area - suburbs","REDD_MEDIO_FAM","annual average households income","2","not including imputed rents","4","other type","2020","2020",23141,,
"3","metropolitan area - suburbs","REDD_MEDIANO_FAM","annual median households income","2","not including imputed rents","9","total","2020","2020",28410,,
"3","metropolitan area - suburbs","REDD_MEDIO_FAM","annual average households income","2","not including imputed rents","9","total","2020","2020",34001,,
"6","until 2,000 inhab.","REDD_MEDIANO_FAM","annual median households income","1","including imputed rents","9","total","2020","2020",26698,,
"6","until 2,000 inhab.","REDD_MEDIO_FAM","annual average households income","1","including imputed rents","9","total","2020","2020",32532,,
"6","until 2,000 inhab.","REDD_MEDIANO_FAM","annual median households income","2","not including imputed rents","1","employee income","2020","2020",31216,,
"6","until 2,000 inhab.","REDD_MEDIO_FAM","annual average households income","2","not including imputed rents","1","employee income","2020","2020",33161,,
"6","until 2,000 inhab.","REDD_MEDIANO_FAM","annual median households income","2","not including imputed rents","2","self-employed income","2020","2020",27228,,
"6","until 2,000 inhab.","REDD_MEDIO_FAM","annual average households income","2","not including imputed rents","2","self-employed income","2020","2020",35532,,
"6","until 2,000 inhab.","REDD_MEDIANO_FAM","annual median households income","2","not including imputed rents","3","public transfers income","2020","2020",18239,,
"6","until 2,000 inhab.","REDD_MEDIO_FAM","annual average households income","2","not including imputed rents","3","public transfers income","2020","2020",24068,,
"6","until 2,000 inhab.","REDD_MEDIANO_FAM","annual median households income","2","not including imputed rents","4","other type","2020","2020",4134,"n","data statistically not significant (see explanatory texts)"
"6","until 2,000 inhab.","REDD_MEDIO_FAM","annual average households income","2","not including imputed rents","4","other type","2020","2020",10956,"n","data statistically not significant (see explanatory texts)"
"6","until 2,000 inhab.","REDD_MEDIANO_FAM","annual median households income","2","not including imputed rents","9","total","2020","2020",23033,,
"6","until 2,000 inhab.","REDD_MEDIO_FAM","annual average households income","2","not including imputed rents","9","total","2020","2020",28330,,
"7","2,001 - 10,000 inhab.","REDD_MEDIANO_FAM","annual median households income","1","including imputed rents","9","total","2020","2020",32115,,
"7","2,001 - 10,000 inhab.","REDD_MEDIO_FAM","annual average households income","1","including imputed rents","9","total","2020","2020",37565,,
"7","2,001 - 10,000 inhab.","REDD_MEDIANO_FAM","annual median households income","2","not including imputed rents","1","employee income","2020","2020",33117,,
"7","2,001 - 10,000 inhab.","REDD_MEDIO_FAM","annual average households income","2","not including imputed rents","1","employee income","2020","2020",36841,,
"7","2,001 - 10,000 inhab.","REDD_MEDIANO_FAM","annual median households income","2","not including imputed rents","2","self-employed income","2020","2020",34737,,
"7","2,001 - 10,000 inhab.","REDD_MEDIO_FAM","annual average households income","2","not including imputed rents","2","self-employed income","2020","2020",41413,,
"7","2,001 - 10,000 inhab.","REDD_MEDIANO_FAM","annual median households income","2","not including imputed rents","3","public transfers income","2020","2020",20500,,
"7","2,001 - 10,000 inhab.","REDD_MEDIO_FAM","annual average households income","2","not including imputed rents","3","public transfers income","2020","2020",26293,,
"7","2,001 - 10,000 inhab.","REDD_MEDIANO_FAM","annual median households income","2","not including imputed rents","4","other type","2020","2020",10716,,
"7","2,001 - 10,000 inhab.","REDD_MEDIO_FAM","annual average households income","2","not including imputed rents","4","other type","2020","2020",17504,,
"7","2,001 - 10,000 inhab.","REDD_MEDIANO_FAM","annual median households income","2","not including imputed rents","9","total","2020","2020",26979,,
"7","2,001 - 10,000 inhab.","REDD_MEDIO_FAM","annual average households income","2","not including imputed rents","9","total","2020","2020",32601,,
"8","10,001 - 50,000 inhab.","REDD_MEDIANO_FAM","annual median households income","1","including imputed rents","9","total","2020","2020",30861,,
"8","10,001 - 50,000 inhab.","REDD_MEDIO_FAM","annual average households income","1","including imputed rents","9","total","2020","2020",36716,,
"8","10,001 - 50,000 inhab.","REDD_MEDIANO_FAM","annual median households income","2","not including imputed rents","1","employee income","2020","2020",30567,,
"8","10,001 - 50,000 inhab.","REDD_MEDIO_FAM","annual average households income","2","not including imputed rents","1","employee income","2020","2020",34412,,
"8","10,001 - 50,000 inhab.","REDD_MEDIANO_FAM","annual median households income","2","not including imputed rents","2","self-employed income","2020","2020",34168,,
"8","10,001 - 50,000 inhab.","REDD_MEDIO_FAM","annual average households income","2","not including imputed rents","2","self-employed income","2020","2020",43151,,
"8","10,001 - 50,000 inhab.","REDD_MEDIANO_FAM","annual median households income","2","not including imputed rents","3","public transfers income","2020","2020",22282,,
"8","10,001 - 50,000 inhab.","REDD_MEDIO_FAM","annual average households income","2","not including imputed rents","3","public transfers income","2020","2020",27543,,
"8","10,001 - 50,000 inhab.","REDD_MEDIANO_FAM","annual median households income","2","not including imputed rents","4","other type","2020","2020",7368,,
"8","10,001 - 50,000 inhab.","REDD_MEDIO_FAM","annual average households income","2","not including imputed rents","4","other type","2020","2020",14616,,
"8","10,001 - 50,000 inhab.","REDD_MEDIANO_FAM","annual median households income","2","not including imputed rents","9","total","2020","2020",26404,,
"8","10,001 - 50,000 inhab.","REDD_MEDIO_FAM","annual average households income","2","not including imputed rents","9","total","2020","2020",32046,,
"9","50,001 inhab. and over","REDD_MEDIANO_FAM","annual median households income","1","including imputed rents","9","total","2020","2020",31088,,
"9","50,001 inhab. and over","REDD_MEDIO_FAM","annual average households income","1","including imputed rents","9","total","2020","2020",37266,,
"9","50,001 inhab. and over","REDD_MEDIANO_FAM","annual median households income","2","not including imputed rents","1","employee income","2020","2020",31612,,
"9","50,001 inhab. and over","REDD_MEDIO_FAM","annual average households income","2","not including imputed rents","1","employee income","2020","2020",35481,,
"9","50,001 inhab. and over","REDD_MEDIANO_FAM","annual median households income","2","not including imputed rents","2","self-employed income","2020","2020",32672,,
"9","50,001 inhab. and over","REDD_MEDIO_FAM","annual average households income","2","not including imputed rents","2","self-employed income","2020","2020",44297,,
"9","50,001 inhab. and over","REDD_MEDIANO_FAM","annual median households income","2","not including imputed rents","3","public transfers income","2020","2020",22790,,
"9","50,001 inhab. and over","REDD_MEDIO_FAM","annual average households income","2","not including imputed rents","3","public transfers income","2020","2020",27927,,
"9","50,001 inhab. and over","REDD_MEDIANO_FAM","annual median households income","2","not including imputed rents","4","other type","2020","2020",8950,,
"9","50,001 inhab. and over","REDD_MEDIO_FAM","annual average households income","2","not including imputed rents","4","other type","2020","2020",16442,,
"9","50,001 inhab. and over","REDD_MEDIANO_FAM","annual median households income","2","not including imputed rents","9","total","2020","2020",26644,,
"9","50,001 inhab. and over","REDD_MEDIO_FAM","annual average households income","2","not including imputed rents","9","total","2020","2020",32400,,
